id1,lon1,lat1,h1,id2,lon2,lat2,h2,Distance(m),Transfer_time (s)
176,8.521961,47.351679,0,176,8.521961,47.351679,0,0.0,120.0
8502572,8.513917999999999,47.370293,421,8502572,8.513917999999999,47.370293,421,0.0,120.0
8503000,8.540192,47.378177,408,8503000,8.540192,47.378177,408,0.0,120.0
8503000,8.540192,47.378177,408,8503088,8.53917,47.377431,396,371.81641976561485,561.0
8503000,8.540192,47.378177,408,8503446,8.541715,47.378846,480,454.67719547158157,708.0
8503000,8.540192,47.378177,408,8587348,8.539338,47.377241,408,401.8110520444312,602.0
8503000,8.540192,47.378177,408,8587349,8.541742,47.377559999999995,408,444.6416307076613,654.0
8503001,8.48894,47.391481,399,8503001,8.48894,47.391481,399,0.0,120.0
8503001,8.48894,47.391481,399,8591056,8.488375999999999,47.391109,399,194.6818748525234,354.0
8503001,8.48894,47.391481,399,8591057,8.489905,47.392066,398,320.26042238881735,504.0
8503003,8.548466000000001,47.366611,411,8503003,8.548466000000001,47.366611,411,0.0,120.0
8503003,8.548466000000001,47.366611,411,8503059,8.54813,47.366353000000004,411,125.63987893661184,271.0
8503003,8.548466000000001,47.366611,411,8576195,8.547647,47.365414,415,481.8258535235167,701.0
8503004,8.561372,47.350124,408,8503004,8.561372,47.350124,408,0.0,120.0
8503004,8.561372,47.350124,408,8576182,8.560994,47.350415999999996,408,141.84373133551784,290.0
8503006,8.544115,47.411528999999994,442,8503006,8.544115,47.411528999999994,442,0.0,120.0
8503006,8.544115,47.411528999999994,442,8580449,8.544789999999999,47.411496,408,170.67753988624378,318.0
8503006,8.544115,47.411528999999994,442,8591062,8.543934,47.412403999999995,441,322.67068392269044,507.0
8503007,8.544636,47.418746999999996,442,8503007,8.544636,47.418746999999996,442,0.0,120.0
8503009,8.533588,47.34744,409,8503009,8.533588,47.34744,409,0.0,120.0
8503009,8.533588,47.34744,409,8591080,8.534345,47.347586,409,194.75603298285577,354.0
8503009,8.533588,47.34744,409,8591081,8.532917999999999,47.347033,411,222.67239658883392,388.0
8503010,8.530805,47.364098999999996,409,8503010,8.530805,47.364098999999996,409,0.0,120.0
8503010,8.530805,47.364098999999996,409,8591058,8.531574,47.364128,409,190.51909014333177,349.0
8503010,8.530805,47.364098999999996,409,8591059,8.530457,47.364552,414,186.56046245284847,345.0
8503011,8.523462,47.371472,405,8503011,8.523462,47.371472,405,0.0,120.0
8503011,8.523462,47.371472,405,8573710,8.524189,47.371429,405,180.49454545220055,337.0
8503015,8.529359,47.393032,425,8503015,8.529359,47.393032,425,0.0,120.0
8503015,8.529359,47.393032,425,8591066,8.529525999999999,47.393444,431,156.14113898015844,309.0
8503020,8.517106,47.385195,415,8503020,8.517106,47.385195,415,0.0,120.0
8503020,8.517106,47.385195,415,8591060,8.517033999999999,47.384935,404,97.2318354521608,235.0
8503051,8.518424000000001,47.362632,421,8503051,8.518424000000001,47.362632,421,0.0,120.0
8503051,8.518424000000001,47.362632,421,8591824,8.518324,47.362966,422,124.46519426394225,270.0
8503052,8.507942,47.364781,446,8503052,8.507942,47.364781,446,0.0,120.0
8503052,8.507942,47.364781,446,8591149,8.507997999999999,47.364284999999995,443,181.69477854625202,337.0
8503053,8.503047,47.364988000000004,459,8503053,8.503047,47.364988000000004,459,0.0,120.0
8503053,8.503047,47.364988000000004,459,8591351,8.502699,47.364775,456,116.06106986324326,259.0
8503054,8.495197000000001,47.364996999999995,485,8503054,8.495197000000001,47.364996999999995,485,0.0,120.0
8503059,8.54813,47.366353000000004,411,8503003,8.548466000000001,47.366611,411,125.63987893661184,271.0
8503059,8.54813,47.366353000000004,411,8503059,8.54813,47.366353000000004,411,0.0,120.0
8503059,8.54813,47.366353000000004,411,8576195,8.547647,47.365414,415,363.16459248378567,558.0
8503069,8.583203999999999,47.351015999999994,524,8503069,8.583203999999999,47.351015999999994,524,0.0,120.0
8503069,8.583203999999999,47.351015999999994,524,8591315,8.582979,47.351027,522,55.85174666064511,187.0
8503083,8.560281,47.368089000000005,443,8503083,8.560281,47.368089000000005,443,0.0,120.0
8503084,8.574530000000001,47.373203000000004,606,8503084,8.574530000000001,47.373203000000004,606,0.0,120.0
8503086,8.526232,47.352123999999996,422,8503086,8.526232,47.352123999999996,422,0.0,120.0
8503087,8.522143,47.357407,420,8503087,8.522143,47.357407,420,0.0,120.0
8503087,8.522143,47.357407,420,8591329,8.520405,47.357864,420,461.23039834242917,673.0
8503087,8.522143,47.357407,420,8591365,8.522261,47.357973,419,208.75903153824547,370.0
8503088,8.53917,47.377431,396,8503000,8.540192,47.378177,408,371.81641976561485,572.0
8503088,8.53917,47.377431,396,8503088,8.53917,47.377431,396,0.0,120.0
8503088,8.53917,47.377431,396,8587348,8.539338,47.377241,408,81.76158081279108,219.0
8503088,8.53917,47.377431,396,8591067,8.539946,47.37656,408,371.6934351073621,571.0
8503090,8.532033,47.372938,414,8503090,8.532033,47.372938,414,0.0,120.0
8503091,8.521849000000001,47.362456,418,8503091,8.521849000000001,47.362456,418,0.0,120.0
8503446,8.541715,47.378846,480,8503000,8.540192,47.378177,408,454.67719547158157,629.0
8503446,8.541715,47.378846,480,8503446,8.541715,47.378846,480,0.0,120.0
8503446,8.541715,47.378846,480,8587349,8.541742,47.377559999999995,408,475.1860079380713,652.0
8503446,8.541715,47.378846,480,8591379,8.542811,47.37996,415,493.1543186885316,676.0
8503447,8.541964,47.371027000000005,406,8503447,8.541964,47.371027000000005,406,0.0,120.0
8503447,8.541964,47.371027000000005,406,8591183,8.543295,47.37007,409,480.14020751164503,698.0
8503447,8.541964,47.371027000000005,406,8591309,8.542879,47.371738,409,344.45309452867633,535.0
8503449,8.537164,47.359136,409,8503449,8.537164,47.359136,409,0.0,120.0
8503449,8.537164,47.359136,409,8591352,8.535511,47.35988,408,490.97192052730605,709.0
8503499,8.544038,47.376539,409,8503499,8.544038,47.376539,409,0.0,120.0
8503499,8.544038,47.376539,409,8588078,8.543938,47.376846,408,114.81707562555648,258.0
8503499,8.544038,47.376539,409,8591288,8.543185000000001,47.377555,409,426.8213955636422,632.0
8503500,8.546402,47.376858,446,8503500,8.546402,47.376858,446,0.0,120.0
8503500,8.546402,47.376858,446,8530471,8.546402,47.376858,446,0.0,120.0
8503610,8.495378,47.368152,453,8503610,8.495378,47.368152,453,0.0,120.0
8503651,8.540788000000001,47.366009999999996,406,8503651,8.540788000000001,47.366009999999996,406,0.0,120.0
8503651,8.540788000000001,47.366009999999996,406,8591105,8.540341,47.366824,408,317.17853672172794,501.0
8503653,8.553125,47.352624,406,8503653,8.553125,47.352624,406,0.0,120.0
8503681,8.536699,47.34554,406,8503681,8.536699,47.34554,406,0.0,120.0
8530471,8.546402,47.376858,446,8503500,8.546402,47.376858,446,0.0,120.0
8530471,8.546402,47.376858,446,8530471,8.546402,47.376858,446,0.0,120.0
8530472,8.548919999999999,47.385883,490,8530472,8.548919999999999,47.385883,490,0.0,120.0
8530472,8.548919999999999,47.385883,490,8591164,8.550158999999999,47.386204,517,329.1319984886921,526.0
8530472,8.548919999999999,47.385883,490,8591362,8.548364999999999,47.385915999999995,493,137.79228680477775,286.0
8530473,8.553414,47.387333,580,8530473,8.553414,47.387333,580,0.0,120.0
8530473,8.553414,47.387333,580,8591156,8.552526,47.387297,565,220.4685621511356,381.0
8530811,8.57502,47.354578000000004,477,8530811,8.57502,47.354578000000004,477,0.0,120.0
8530812,8.560623,47.36169,435,8530812,8.560623,47.36169,435,0.0,120.0
8530813,8.554083,47.364875,424,8530813,8.554083,47.364875,424,0.0,120.0
8530822,8.542632000000001,47.373233,408,8530822,8.542632000000001,47.373233,408,0.0,120.0
8530822,8.542632000000001,47.373233,408,8591327,8.543238,47.374352,407,435.2808956836795,642.0
8573710,8.524189,47.371429,405,8503011,8.523462,47.371472,405,180.49454545220055,337.0
8573710,8.524189,47.371429,405,8573710,8.524189,47.371429,405,0.0,120.0
8573711,8.485158,47.368227000000005,408,8573711,8.485158,47.368227000000005,408,0.0,120.0
8576182,8.560994,47.350415999999996,408,8503004,8.561372,47.350124,408,141.84373133551784,290.0
8576182,8.560994,47.350415999999996,408,8576182,8.560994,47.350415999999996,408,0.0,120.0
8576183,8.567319,47.342797999999995,415,8576183,8.567319,47.342797999999995,415,0.0,120.0
8576193,8.545113,47.367093,408,8576193,8.545113,47.367093,408,0.0,120.0
8576194,8.550228,47.357797,415,8576194,8.550228,47.357797,415,0.0,120.0
8576195,8.547647,47.365414,415,8503003,8.548466000000001,47.366611,411,481.8258535235167,696.0
8576195,8.547647,47.365414,415,8503059,8.54813,47.366353000000004,411,363.16459248378567,554.0
8576195,8.547647,47.365414,415,8576195,8.547647,47.365414,415,0.0,120.0
8576196,8.549471,47.36339,415,8576196,8.549471,47.36339,415,0.0,120.0
8576197,8.552059,47.360514,415,8576197,8.552059,47.360514,415,0.0,120.0
8576198,8.554203999999999,47.357991999999996,415,8576198,8.554203999999999,47.357991999999996,415,0.0,120.0
8576199,8.556898,47.355169000000004,415,8576199,8.556898,47.355169000000004,415,0.0,120.0
8576200,8.559577,47.352282,408,8576200,8.559577,47.352282,408,0.0,120.0
8576201,8.566154,47.345921999999995,415,8576201,8.566154,47.345921999999995,415,0.0,120.0
8576202,8.56963,47.343207,415,8576202,8.56963,47.343207,415,0.0,120.0
8576240,8.499375,47.402009,408,8576240,8.499375,47.402009,408,0.0,120.0
8576240,8.499375,47.402009,408,8591223,8.498242,47.402964000000004,465,450.9145219601438,694.0
8580449,8.544789999999999,47.411496,408,8503006,8.544115,47.411528999999994,442,170.67753988624378,332.0
8580449,8.544789999999999,47.411496,408,8580449,8.544789999999999,47.411496,408,0.0,120.0
8580449,8.544789999999999,47.411496,408,8591062,8.543934,47.412403999999995,441,394.7223380528109,610.0
8580522,8.522397999999999,47.390795000000004,408,8580522,8.522397999999999,47.390795000000004,408,0.0,120.0
8580912,8.501841,47.368903,435,8580912,8.501841,47.368903,435,0.0,120.0
8587347,8.536019,47.342731,415,8587347,8.536019,47.342731,415,0.0,120.0
8587348,8.539338,47.377241,408,8503000,8.540192,47.378177,408,401.8110520444312,602.0
8587348,8.539338,47.377241,408,8503088,8.53917,47.377431,396,81.76158081279108,217.0
8587348,8.539338,47.377241,408,8587348,8.539338,47.377241,408,0.0,120.0
8587348,8.539338,47.377241,408,8591067,8.539946,47.37656,408,290.6240789314394,469.0
8587349,8.541742,47.377559999999995,408,8503000,8.540192,47.378177,408,444.6416307076613,654.0
8587349,8.541742,47.377559999999995,408,8503446,8.541715,47.378846,480,475.1860079380713,734.0
8587349,8.541742,47.377559999999995,408,8587349,8.541742,47.377559999999995,408,0.0,120.0
8587349,8.541742,47.377559999999995,408,8591288,8.543185000000001,47.377555,409,356.8642983157847,549.0
8588078,8.543938,47.376846,408,8503499,8.544038,47.376539,409,114.81707562555648,258.0
8588078,8.543938,47.376846,408,8588078,8.543938,47.376846,408,0.0,120.0
8588078,8.543938,47.376846,408,8591288,8.543185000000001,47.377555,409,318.9412956761173,503.0
8590569,8.596653,47.38949,484,8590569,8.596653,47.38949,484,0.0,120.0
8591033,8.501311,47.392106,402,8591033,8.501311,47.392106,402,0.0,120.0
8591034,8.507712,47.351991999999996,502,8591034,8.507712,47.351991999999996,502,0.0,120.0
8591035,8.494669,47.379816999999996,410,8591035,8.494669,47.379816999999996,410,0.0,120.0
8591035,8.494669,47.379816999999996,410,8591363,8.494499000000001,47.378586,412,451.5317555784883,663.0
8591036,8.484789,47.374383,433,8591036,8.484789,47.374383,433,0.0,120.0
8591036,8.484789,47.374383,433,8591037,8.485218,47.375315,429,356.545389840448,546.0
8591037,8.485218,47.375315,429,8591036,8.484789,47.374383,433,356.545389840448,550.0
8591037,8.485218,47.375315,429,8591037,8.485218,47.375315,429,0.0,120.0
8591038,8.510396,47.378214,411,8591038,8.510396,47.378214,411,0.0,120.0
8591039,8.507252000000001,47.397763,453,8591039,8.507252000000001,47.397763,453,0.0,120.0
8591040,8.561415,47.355305,427,8591040,8.561415,47.355305,427,0.0,120.0
8591041,8.524061999999999,47.410703000000005,474,8591041,8.524061999999999,47.410703000000005,474,0.0,120.0
8591041,8.524061999999999,47.410703000000005,474,8591285,8.525025999999999,47.411845,457,480.61659299850646,687.0
8591043,8.507144,47.399626,480,8591043,8.507144,47.399626,480,0.0,120.0
8591045,8.509528,47.398911,506,8591045,8.509528,47.398911,506,0.0,120.0
8591047,8.572127,47.41088,426,8591047,8.572127,47.41088,426,0.0,120.0
8591051,8.483048,47.388926,402,8591051,8.483048,47.388926,402,0.0,120.0
8591052,8.522872999999999,47.378332,409,8591052,8.522872999999999,47.378332,409,0.0,120.0
8591053,8.537784,47.405896000000006,456,8591053,8.537784,47.405896000000006,456,0.0,120.0
8591056,8.488375999999999,47.391109,399,8503001,8.48894,47.391481,399,194.6818748525234,354.0
8591056,8.488375999999999,47.391109,399,8591056,8.488375999999999,47.391109,399,0.0,120.0
8591056,8.488375999999999,47.391109,399,8591097,8.487058,47.390077000000005,400,498.2320802620921,718.0
8591057,8.489905,47.392066,398,8503001,8.48894,47.391481,399,320.26042238881735,505.0
8591057,8.489905,47.392066,398,8591057,8.489905,47.392066,398,0.0,120.0
8591058,8.531574,47.364128,409,8503010,8.530805,47.364098999999996,409,190.51909014333177,349.0
8591058,8.531574,47.364128,409,8591058,8.531574,47.364128,409,0.0,120.0
8591058,8.531574,47.364128,409,8591059,8.530457,47.364552,414,316.7772158056921,502.0
8591059,8.530457,47.364552,414,8503010,8.530805,47.364098999999996,409,186.56046245284847,343.0
8591059,8.530457,47.364552,414,8591058,8.531574,47.364128,409,316.7772158056921,498.0
8591059,8.530457,47.364552,414,8591059,8.530457,47.364552,414,0.0,120.0
8591060,8.517033999999999,47.384935,404,8503020,8.517106,47.385195,415,97.2318354521608,238.0
8591060,8.517033999999999,47.384935,404,8591060,8.517033999999999,47.384935,404,0.0,120.0
8591062,8.543934,47.412403999999995,441,8503006,8.544115,47.411528999999994,442,322.67068392269044,508.0
8591062,8.543934,47.412403999999995,441,8580449,8.544789999999999,47.411496,408,394.7223380528109,579.0
8591062,8.543934,47.412403999999995,441,8591062,8.543934,47.412403999999995,441,0.0,120.0
8591063,8.545848,47.413339,438,8591063,8.545848,47.413339,438,0.0,120.0
8591064,8.532013000000001,47.370672,413,8591064,8.532013000000001,47.370672,413,0.0,120.0
8591066,8.529525999999999,47.393444,431,8503015,8.529359,47.393032,425,156.14113898015844,306.0
8591066,8.529525999999999,47.393444,431,8591066,8.529525999999999,47.393444,431,0.0,120.0
8591067,8.539946,47.37656,408,8503088,8.53917,47.377431,396,371.6934351073621,561.0
8591067,8.539946,47.37656,408,8587348,8.539338,47.377241,408,290.6240789314394,469.0
8591067,8.539946,47.37656,408,8591067,8.539946,47.37656,408,0.0,120.0
8591070,8.490144,47.388763,401,8591070,8.490144,47.388763,401,0.0,120.0
8591071,8.540446000000001,47.384084,428,8591071,8.540446000000001,47.384084,428,0.0,120.0
8591072,8.590023,47.358503999999996,602,8591072,8.590023,47.358503999999996,602,0.0,120.0
8591073,8.547912,47.40364,462,8591073,8.547912,47.40364,462,0.0,120.0
8591074,8.508709,47.393765,401,8591074,8.508709,47.393765,401,0.0,120.0
8591075,8.513825,47.373585999999996,415,8591075,8.513825,47.373585999999996,415,0.0,120.0
8591076,8.533327,47.404373,465,8591076,8.533327,47.404373,465,0.0,120.0
8591077,8.527857000000001,47.34548,431,8591077,8.527857000000001,47.34548,431,0.0,120.0
8591078,8.555206,47.381199,520,8591078,8.555206,47.381199,520,0.0,120.0
8591079,8.525556,47.374169,411,8591079,8.525556,47.374169,411,0.0,120.0
8591079,8.525556,47.374169,411,8591227,8.524265,47.374505,411,342.0555384889252,530.0
8591080,8.534345,47.347586,409,8503009,8.533588,47.34744,409,194.75603298285577,354.0
8591080,8.534345,47.347586,409,8591080,8.534345,47.347586,409,0.0,120.0
8591080,8.534345,47.347586,409,8591081,8.532917999999999,47.347033,411,406.7839764703357,609.0
8591081,8.532917999999999,47.347033,411,8503009,8.533588,47.34744,409,222.67239658883392,387.0
8591081,8.532917999999999,47.347033,411,8591080,8.534345,47.347586,409,406.7839764703357,607.0
8591081,8.532917999999999,47.347033,411,8591081,8.532917999999999,47.347033,411,0.0,120.0
8591082,8.531976,47.351468,413,8591082,8.531976,47.351468,413,0.0,120.0
8591083,8.511676,47.362839,430,8591083,8.511676,47.362839,430,0.0,120.0
8591083,8.511676,47.362839,430,8591084,8.511047999999999,47.3619,431,376.4750609379711,572.0
8591084,8.511047999999999,47.3619,431,8591083,8.511676,47.362839,430,376.4750609379711,571.0
8591084,8.511047999999999,47.3619,431,8591084,8.511047999999999,47.3619,431,0.0,120.0
8591086,8.530596000000001,47.407538,463,8591086,8.530596000000001,47.407538,463,0.0,120.0
8591087,8.564798,47.375735999999996,531,8591087,8.564798,47.375735999999996,531,0.0,120.0
8591088,8.535851,47.413047,440,8591088,8.535851,47.413047,440,0.0,120.0
8591089,8.571593,47.347173,462,8591089,8.571593,47.347173,462,0.0,120.0
8591091,8.56734,47.402607,455,8591091,8.56734,47.402607,455,0.0,120.0
8591092,8.537904,47.414287,440,8591092,8.537904,47.414287,440,0.0,120.0
8591093,8.539747,47.36817,409,8591093,8.539747,47.36817,409,0.0,120.0
8591093,8.539747,47.36817,409,8591299,8.538765,47.369366,409,499.77659033667817,720.0
8591094,8.557833,47.359342,421,8591094,8.557833,47.359342,421,0.0,120.0
8591095,8.533628,47.36937,411,8591095,8.533628,47.36937,411,0.0,120.0
8591097,8.487058,47.390077000000005,400,8591056,8.488375999999999,47.391109,399,498.2320802620921,717.0
8591097,8.487058,47.390077000000005,400,8591097,8.487058,47.390077000000005,400,0.0,120.0
8591098,8.527141,47.355146999999995,429,8591098,8.527141,47.355146999999995,429,0.0,120.0
8591100,8.532217999999999,47.356134000000004,419,8591100,8.532217999999999,47.356134000000004,419,0.0,120.0
8591101,8.533284,47.39841,472,8591101,8.533284,47.39841,472,0.0,120.0
8591102,8.588699,47.360928,596,8591102,8.588699,47.360928,596,0.0,120.0
8591104,8.571864,47.358018,451,8591104,8.571864,47.358018,451,0.0,120.0
8591105,8.540341,47.366824,408,8503651,8.540788000000001,47.366009999999996,406,317.17853672172794,500.0
8591105,8.540341,47.366824,408,8591105,8.540341,47.366824,408,0.0,120.0
8591106,8.530314,47.341409000000006,439,8591106,8.530314,47.341409000000006,439,0.0,120.0
8591106,8.530314,47.341409000000006,439,8591217,8.531051,47.341815000000004,436,235.07160276753245,401.0
8591107,8.586591,47.358323,585,8591107,8.586591,47.358323,585,0.0,120.0
8591107,8.586591,47.358323,585,8591438,8.585246000000001,47.359181,585,457.0576602268096,668.0
8591108,8.531219,47.41337,441,8591108,8.531219,47.41337,441,0.0,120.0
8591109,8.552953,47.354514,411,8591109,8.552953,47.354514,411,0.0,120.0
8591110,8.526391,47.388490000000004,404,8591110,8.526391,47.388490000000004,404,0.0,120.0
8591112,8.5488,47.407437,441,8591112,8.5488,47.407437,441,0.0,120.0
8591113,8.567169,47.410794,428,8591113,8.567169,47.410794,428,0.0,120.0
8591114,8.575643,47.378823,608,8591114,8.575643,47.378823,608,0.0,120.0
8591115,8.578837,47.360341999999996,538,8591115,8.578837,47.360341999999996,538,0.0,120.0
8591119,8.558173,47.366733,432,8591119,8.558173,47.366733,432,0.0,120.0
8591120,8.570659,47.348648,459,8591120,8.570659,47.348648,459,0.0,120.0
8591121,8.512044,47.39627,444,8591121,8.512044,47.39627,444,0.0,120.0
8591122,8.507710000000001,47.408679,525,8591122,8.507710000000001,47.408679,525,0.0,120.0
8591123,8.548888,47.376682,454,8591123,8.548888,47.376682,454,0.0,120.0
8591126,8.488417,47.375718,422,8591126,8.488417,47.375718,422,0.0,120.0
8591127,8.545297,47.416789,436,8591127,8.545297,47.416789,436,0.0,120.0
8591131,8.512122999999999,47.393571,401,8591131,8.512122999999999,47.393571,401,0.0,120.0
8591132,8.568039,47.38058,600,8591132,8.568039,47.38058,600,0.0,120.0
8591133,8.569479,47.350459,458,8591133,8.569479,47.350459,458,0.0,120.0
8591134,8.491945,47.381326,409,8591134,8.491945,47.381326,409,0.0,120.0
8591135,8.517155,47.392210999999996,402,8591135,8.517155,47.392210999999996,402,0.0,120.0
8591137,8.562975999999999,47.362801,451,8591137,8.562975999999999,47.362801,451,0.0,120.0
8591138,8.499372,47.383228,408,8591138,8.499372,47.383228,408,0.0,120.0
8591140,8.553194,47.405937,447,8591140,8.553194,47.405937,447,0.0,120.0
8591142,8.580278,47.350972999999996,512,8591142,8.580278,47.350972999999996,512,0.0,120.0
8591145,8.510893,47.375934,413,8591145,8.510893,47.375934,413,0.0,120.0
8591146,8.500605,47.358705,523,8591146,8.500605,47.358705,523,0.0,120.0
8591148,8.569064,47.403939,440,8591148,8.569064,47.403939,440,0.0,120.0
8591149,8.507997999999999,47.364284999999995,443,8503052,8.507942,47.364781,446,181.69477854625202,339.0
8591149,8.507997999999999,47.364284999999995,443,8591149,8.507997999999999,47.364284999999995,443,0.0,120.0
8591150,8.502400999999999,47.361117,487,8591150,8.502400999999999,47.361117,487,0.0,120.0
8591151,8.505094,47.362063,466,8591151,8.505094,47.362063,466,0.0,120.0
8591152,8.562617999999999,47.404236,449,8591152,8.562617999999999,47.404236,449,0.0,120.0
8591156,8.552526,47.387297,565,8530473,8.553414,47.387333,580,220.4685621511356,389.0
8591156,8.552526,47.387297,565,8591156,8.552526,47.387297,565,0.0,120.0
8591156,8.552526,47.387297,565,8591171,8.551145,47.386501,538,449.26062594872644,645.0
8591159,8.581760000000001,47.401601,435,8591159,8.581760000000001,47.401601,435,0.0,120.0
8591160,8.519333999999999,47.414093,462,8591160,8.519333999999999,47.414093,462,0.0,120.0
8591160,8.519333999999999,47.414093,462,8591161,8.518689,47.413659,466,224.82503519945922,391.0
8591160,8.519333999999999,47.414093,462,8595899,8.519652,47.414747,461,251.44205535856165,421.0
8591161,8.518689,47.413659,466,8591160,8.519333999999999,47.414093,462,224.82503519945922,389.0
8591161,8.518689,47.413659,466,8591161,8.518689,47.413659,466,0.0,120.0
8591161,8.518689,47.413659,466,8595899,8.519652,47.414747,461,463.18832702258896,673.0
8591163,8.487931,47.37189,441,8591163,8.487931,47.37189,441,0.0,120.0
8591164,8.550158999999999,47.386204,517,8530472,8.548919999999999,47.385883,490,329.1319984886921,505.0
8591164,8.550158999999999,47.386204,517,8591164,8.550158999999999,47.386204,517,0.0,120.0
8591164,8.550158999999999,47.386204,517,8591171,8.551145,47.386501,538,267.6644427202415,448.0
8591164,8.550158999999999,47.386204,517,8591362,8.548364999999999,47.385915999999995,493,456.520182445477,655.0
8591165,8.490082000000001,47.386964,405,8591165,8.490082000000001,47.386964,405,0.0,120.0
8591165,8.490082000000001,47.386964,405,8591372,8.488495,47.387725,403,480.85238087783205,696.0
8591167,8.489212,47.39523,398,8591167,8.489212,47.39523,398,0.0,120.0
8591168,8.540142999999999,47.395709000000004,478,8591168,8.540142999999999,47.395709000000004,478,0.0,120.0
8591169,8.519974000000001,47.380311,408,8591169,8.519974000000001,47.380311,408,0.0,120.0
8591170,8.506086999999999,47.372003,420,8591170,8.506086999999999,47.372003,420,0.0,120.0
8591171,8.551145,47.386501,538,8591156,8.552526,47.387297,565,449.26062594872644,674.0
8591171,8.551145,47.386501,538,8591164,8.550158999999999,47.386204,517,267.6644427202415,435.0
8591171,8.551145,47.386501,538,8591171,8.551145,47.386501,538,0.0,120.0
8591172,8.555531,47.414406,426,8591172,8.555531,47.414406,426,0.0,120.0
8591173,8.54838,47.380294,471,8591173,8.54838,47.380294,471,0.0,120.0
8591174,8.544513,47.379647,431,8591174,8.544513,47.379647,431,0.0,120.0
8591174,8.544513,47.379647,431,8591379,8.542811,47.37996,415,436.4314239439345,635.0
8591175,8.555864,47.410706,426,8591175,8.555864,47.410706,426,0.0,120.0
8591176,8.497474,47.396351,398,8591176,8.497474,47.396351,398,0.0,120.0
8591177,8.514532,47.382341,407,8591177,8.514532,47.382341,407,0.0,120.0
8591178,8.504503999999999,47.394163,401,8591178,8.504503999999999,47.394163,401,0.0,120.0
8591180,8.565031,47.360424,446,8591180,8.565031,47.360424,446,0.0,120.0
8591181,8.576328,47.404713,428,8591181,8.576328,47.404713,428,0.0,120.0
8591182,8.510221000000001,47.356331,477,8591182,8.510221000000001,47.356331,477,0.0,120.0
8591183,8.543295,47.37007,409,8503447,8.541964,47.371027000000005,406,480.14020751164503,694.0
8591183,8.543295,47.37007,409,8591183,8.543295,47.37007,409,0.0,120.0
8591184,8.525362,47.376357,411,8591184,8.525362,47.376357,411,0.0,120.0
8591185,8.564962,47.408530999999996,431,8591185,8.564962,47.408530999999996,431,0.0,120.0
8591186,8.509165,47.384828000000006,406,8591186,8.509165,47.384828000000006,406,0.0,120.0
8591188,8.572705000000001,47.407528000000006,429,8591188,8.572705000000001,47.407528000000006,429,0.0,120.0
8591189,8.564619,47.381657000000004,613,8591189,8.564619,47.381657000000004,613,0.0,120.0
8591190,8.506353,47.369409999999995,427,8591190,8.506353,47.369409999999995,427,0.0,120.0
8591192,8.555278999999999,47.379615,512,8591192,8.555278999999999,47.379615,512,0.0,120.0
8591193,8.543213,47.399997,474,8591193,8.543213,47.399997,474,0.0,120.0
8591195,8.511037,47.367945,426,8591195,8.511037,47.367945,426,0.0,120.0
8591196,8.561557,47.373366,490,8591196,8.561557,47.373366,490,0.0,120.0
8591197,8.490207,47.401346000000004,419,8591197,8.490207,47.401346000000004,419,0.0,120.0
8591198,8.565037,47.366999,475,8591198,8.565037,47.366999,475,0.0,120.0
8591199,8.563011999999999,47.365759999999995,456,8591199,8.563011999999999,47.365759999999995,456,0.0,120.0
8591201,8.504733,47.404937,519,8591201,8.504733,47.404937,519,0.0,120.0
8591202,8.554404,47.369468,430,8591202,8.554404,47.369468,430,0.0,120.0
8591203,8.499471,47.376876,413,8591203,8.499471,47.376876,413,0.0,120.0
8591204,8.526997999999999,47.358540000000005,420,8591204,8.526997999999999,47.358540000000005,420,0.0,120.0
8591205,8.526536,47.365066,425,8591205,8.526536,47.365066,425,0.0,120.0
8591206,8.522863000000001,47.416885,446,8591206,8.522863000000001,47.416885,446,0.0,120.0
8591208,8.503364999999999,47.373611,417,8591208,8.503364999999999,47.373611,417,0.0,120.0
8591209,8.507712,47.359269,472,8591209,8.507712,47.359269,472,0.0,120.0
8591211,8.576933,47.38463,596,8591211,8.576933,47.38463,596,0.0,120.0
8591212,8.574366,47.348116999999995,469,8591212,8.574366,47.348116999999995,469,0.0,120.0
8591213,8.508836,47.401427000000005,530,8591213,8.508836,47.401427000000005,530,0.0,120.0
8591214,8.491626,47.369239,440,8591214,8.491626,47.369239,440,0.0,120.0
8591216,8.528213000000001,47.348003999999996,430,8591216,8.528213000000001,47.348003999999996,430,0.0,120.0
8591217,8.531051,47.341815000000004,436,8591106,8.530314,47.341409000000006,439,235.07160276753245,403.0
8591217,8.531051,47.341815000000004,436,8591217,8.531051,47.341815000000004,436,0.0,120.0
8591218,8.52101,47.374598,412,8591218,8.52101,47.374598,412,0.0,120.0
8591219,8.530305,47.378469,409,8591219,8.530305,47.378469,409,0.0,120.0
8591220,8.550526,47.372717,437,8591220,8.550526,47.372717,437,0.0,120.0
8591221,8.571202,47.361155,485,8591221,8.571202,47.361155,485,0.0,120.0
8591222,8.494925,47.385355,403,8591222,8.494925,47.385355,403,0.0,120.0
8591223,8.498242,47.402964000000004,465,8576240,8.499375,47.402009,408,450.9145219601438,632.0
8591223,8.498242,47.402964000000004,465,8591223,8.498242,47.402964000000004,465,0.0,120.0
8591223,8.498242,47.402964000000004,465,8591446,8.496808,47.402186,455,454.3940313592983,660.0
8591225,8.562373,47.415203000000005,425,8591225,8.562373,47.415203000000005,425,0.0,120.0
8591226,8.510025,47.397304999999996,467,8591226,8.510025,47.397304999999996,467,0.0,120.0
8591227,8.524265,47.374505,411,8591079,8.525556,47.374169,411,342.0555384889252,530.0
8591227,8.524265,47.374505,411,8591227,8.524265,47.374505,411,0.0,120.0
8591229,8.546334,47.388886,489,8591229,8.546334,47.388886,489,0.0,120.0
8591230,8.560235,47.376599,513,8591230,8.560235,47.376599,513,0.0,120.0
8591231,8.564148,47.37003,478,8591231,8.564148,47.37003,478,0.0,120.0
8591231,8.564148,47.37003,478,8591394,8.564949,47.370976,484,398.30193588139304,601.0
8591233,8.566497,47.364035,467,8591233,8.566497,47.364035,467,0.0,120.0
8591235,8.528025999999999,47.405592,491,8591235,8.528025999999999,47.405592,491,0.0,120.0
8591236,8.507872,47.377806,412,8591236,8.507872,47.377806,412,0.0,120.0
8591237,8.539122,47.387956,444,8591237,8.539122,47.387956,444,0.0,120.0
8591237,8.539122,47.387956,444,8591324,8.540500999999999,47.388662,455,427.6142358557553,639.0
8591238,8.56103,47.384192,614,8591238,8.56103,47.384192,614,0.0,120.0
8591239,8.549141,47.370437,423,8591239,8.549141,47.370437,423,0.0,120.0
8591240,8.532049,47.39566,456,8591240,8.532049,47.39566,456,0.0,120.0
8591241,8.53423,47.350986999999996,409,8591241,8.53423,47.350986999999996,409,0.0,120.0
8591242,8.549361,47.392419,521,8591242,8.549361,47.392419,521,0.0,120.0
8591242,8.549361,47.392419,521,8594255,8.547432,47.392022999999995,450,503.3923738327624,684.0
8591243,8.501064,47.373740000000005,417,8591243,8.501064,47.373740000000005,417,0.0,120.0
8591244,8.544788,47.393542,489,8591244,8.544788,47.393542,489,0.0,120.0
8591245,8.517087,47.358732,436,8591245,8.517087,47.358732,436,0.0,120.0
8591246,8.53634,47.39499,470,8591246,8.53634,47.39499,470,0.0,120.0
8591247,8.520151,47.396231,443,8591247,8.520151,47.396231,443,0.0,120.0
8591249,8.509876,47.411636,504,8591249,8.509876,47.411636,504,0.0,120.0
8591251,8.532739,47.390571,429,8591251,8.532739,47.390571,429,0.0,120.0
8591252,8.503729,47.381236,410,8591252,8.503729,47.381236,410,0.0,120.0
8591253,8.499211,47.387772,401,8591253,8.499211,47.387772,401,0.0,120.0
8591254,8.496468,47.386365999999995,403,8591254,8.496468,47.386365999999995,403,0.0,120.0
8591255,8.545497,47.390684,489,8591255,8.545497,47.390684,489,0.0,120.0
8591256,8.551309,47.414645,428,8591256,8.551309,47.414645,428,0.0,120.0
8591257,8.531623,47.3846,405,8591257,8.531623,47.3846,405,0.0,120.0
8591258,8.486113000000001,47.387819,402,8591258,8.486113000000001,47.387819,402,0.0,120.0
8591259,8.517913,47.375347,412,8591259,8.517913,47.375347,412,0.0,120.0
8591262,8.537417,47.375892,409,8591262,8.537417,47.375892,409,0.0,120.0
8591264,8.581391,47.406013,428,8591264,8.581391,47.406013,428,0.0,120.0
8591265,8.493575,47.389433000000004,399,8591265,8.493575,47.389433000000004,399,0.0,120.0
8591266,8.526389,47.407848,484,8591266,8.526389,47.407848,484,0.0,120.0
8591267,8.532099,47.416204,439,8591267,8.532099,47.416204,439,0.0,120.0
8591267,8.532099,47.416204,439,8591383,8.533919000000001,47.416394,438,455.08289097560595,666.0
8591269,8.521632,47.365445,416,8591269,8.521632,47.365445,416,0.0,120.0
8591271,8.590917,47.398641,435,8591271,8.590917,47.398641,435,0.0,120.0
8591272,8.541331,47.414048,439,8591272,8.541331,47.414048,439,0.0,120.0
8591273,8.550683,47.410693,431,8591273,8.550683,47.410693,431,0.0,120.0
8591276,8.541929,47.397490999999995,480,8591276,8.541929,47.397490999999995,480,0.0,120.0
8591277,8.527627,47.3796,408,8591277,8.527627,47.3796,408,0.0,120.0
8591279,8.530141,47.343947,424,8591279,8.530141,47.343947,424,0.0,120.0
8591280,8.526461,47.413955,447,8591280,8.526461,47.413955,447,0.0,120.0
8591282,8.534936,47.382121999999995,406,8591282,8.534936,47.382121999999995,406,0.0,120.0
8591283,8.531557000000001,47.360719,418,8591283,8.531557000000001,47.360719,418,0.0,120.0
8591285,8.525025999999999,47.411845,457,8591041,8.524061999999999,47.410703000000005,474,480.61659299850646,707.0
8591285,8.525025999999999,47.411845,457,8591285,8.525025999999999,47.411845,457,0.0,120.0
8591287,8.54735,47.372774,421,8591287,8.54735,47.372774,421,0.0,120.0
8591288,8.543185000000001,47.377555,409,8503499,8.544038,47.376539,409,426.8213955636422,632.0
8591288,8.543185000000001,47.377555,409,8587349,8.541742,47.377559999999995,408,356.8642983157847,548.0
8591288,8.543185000000001,47.377555,409,8588078,8.543938,47.376846,408,318.9412956761173,502.0
8591288,8.543185000000001,47.377555,409,8591288,8.543185000000001,47.377555,409,0.0,120.0
8591289,8.538206,47.416703999999996,439,8591289,8.538206,47.416703999999996,439,0.0,120.0
8591290,8.531072,47.403576,478,8591290,8.531072,47.403576,478,0.0,120.0
8591291,8.536163,47.388326,429,8591291,8.536163,47.388326,429,0.0,120.0
8591292,8.533436,47.392256,438,8591292,8.533436,47.392256,438,0.0,120.0
8591293,8.532816,47.410477,452,8591293,8.532816,47.410477,452,0.0,120.0
8591294,8.554206,47.417584999999995,426,8591294,8.554206,47.417584999999995,426,0.0,120.0
8591296,8.534142999999998,47.388011999999996,423,8591296,8.534142999999998,47.388011999999996,423,0.0,120.0
8591298,8.542416000000001,47.38519,448,8591298,8.542416000000001,47.38519,448,0.0,120.0
8591299,8.538765,47.369366,409,8591093,8.539747,47.36817,409,499.77659033667817,720.0
8591299,8.538765,47.369366,409,8591299,8.538765,47.369366,409,0.0,120.0
8591300,8.590558,47.356907,594,8591300,8.590558,47.356907,594,0.0,120.0
8591302,8.517703,47.399654,514,8591302,8.517703,47.399654,514,0.0,120.0
8591303,8.55264,47.375008,453,8591303,8.55264,47.375008,453,0.0,120.0
8591304,8.532958,47.344469000000004,413,8591304,8.532958,47.344469000000004,413,0.0,120.0
8591305,8.586592999999999,47.400222,436,8591305,8.586592999999999,47.400222,436,0.0,120.0
8591306,8.528753,47.386741,404,8591306,8.528753,47.386741,404,0.0,120.0
8591307,8.535186,47.401981,466,8591307,8.535186,47.401981,466,0.0,120.0
8591308,8.514666,47.362747999999996,428,8591308,8.514666,47.362747999999996,428,0.0,120.0
8591309,8.542879,47.371738,409,8503447,8.541964,47.371027000000005,406,344.45309452867633,532.0
8591309,8.542879,47.371738,409,8591309,8.542879,47.371738,409,0.0,120.0
8591311,8.484091000000001,47.383349,410,8591311,8.484091000000001,47.383349,410,0.0,120.0
8591312,8.514972,47.3969,454,8591312,8.514972,47.3969,454,0.0,120.0
8591314,8.539275,47.408823,451,8591314,8.539275,47.408823,451,0.0,120.0
8591315,8.582979,47.351027,522,8503069,8.583203999999999,47.351015999999994,524,55.85174666064511,187.0
8591315,8.582979,47.351027,522,8591315,8.582979,47.351027,522,0.0,120.0
8591316,8.538457000000001,47.373065999999994,411,8591316,8.538457000000001,47.373065999999994,411,0.0,120.0
8591317,8.535041,47.363384,408,8591317,8.535041,47.363384,408,0.0,120.0
8591318,8.558183,47.414479,426,8591318,8.558183,47.414479,426,0.0,120.0
8591319,8.559269,47.410646,427,8591319,8.559269,47.410646,427,0.0,120.0
8591322,8.529264,47.381933000000004,406,8591322,8.529264,47.381933000000004,406,0.0,120.0
8591323,8.525464,47.394328,425,8591323,8.525464,47.394328,425,0.0,120.0
8591324,8.540500999999999,47.388662,455,8591237,8.539122,47.387956,444,427.6142358557553,628.0
8591324,8.540500999999999,47.388662,455,8591324,8.540500999999999,47.388662,455,0.0,120.0
8591325,8.57698,47.402953000000004,433,8591325,8.57698,47.402953000000004,433,0.0,120.0
8591326,8.536118,47.391277,446,8591326,8.536118,47.391277,446,0.0,120.0
8591327,8.543238,47.374352,407,8530822,8.542632000000001,47.373233,408,435.2808956836795,643.0
8591327,8.543238,47.374352,407,8591327,8.543238,47.374352,407,0.0,120.0
8591329,8.520405,47.357864,420,8503087,8.522143,47.357407,420,461.23039834242917,673.0
8591329,8.520405,47.357864,420,8591329,8.520405,47.357864,420,0.0,120.0
8591329,8.520405,47.357864,420,8591365,8.522261,47.357973,419,460.88868743865663,673.0
8591330,8.562863,47.410809,430,8591330,8.562863,47.410809,430,0.0,120.0
8591331,8.495515,47.374385,418,8591331,8.495515,47.374385,418,0.0,120.0
8591332,8.54848,47.406082,453,8591332,8.54848,47.406082,453,0.0,120.0
8591334,8.503372,47.386564,403,8591334,8.503372,47.386564,403,0.0,120.0
8591335,8.538708,47.39163,458,8591335,8.538708,47.39163,458,0.0,120.0
8591336,8.550895,47.389741,543,8591336,8.550895,47.389741,543,0.0,120.0
8591339,8.544232000000001,47.38779,475,8591339,8.544232000000001,47.38779,475,0.0,120.0
8591340,8.574145,47.362592,497,8591340,8.574145,47.362592,497,0.0,120.0
8591341,8.519264,47.370153,414,8591341,8.519264,47.370153,414,0.0,120.0
8591343,8.563873,47.405941999999996,432,8591343,8.563873,47.405941999999996,432,0.0,120.0
8591344,8.494202,47.372274,424,8591344,8.494202,47.372274,424,0.0,120.0
8591346,8.514788000000001,47.412094,485,8591346,8.514788000000001,47.412094,485,0.0,120.0
8591347,8.579597,47.408837,426,8591347,8.579597,47.408837,426,0.0,120.0
8591349,8.571503,47.40459,436,8591349,8.571503,47.40459,436,0.0,120.0
8591351,8.502699,47.364775,456,8503053,8.503047,47.364988000000004,459,116.06106986324326,260.0
8591351,8.502699,47.364775,456,8591351,8.502699,47.364775,456,0.0,120.0
8591352,8.535511,47.35988,408,8503449,8.537164,47.359136,409,490.97192052730605,710.0
8591352,8.535511,47.35988,408,8591352,8.535511,47.35988,408,0.0,120.0
8591353,8.504616,47.39973,457,8591353,8.504616,47.39973,457,0.0,120.0
8591357,8.538136999999999,47.338915,409,8591357,8.538136999999999,47.338915,409,0.0,120.0
8591361,8.48435,47.391802,398,8591361,8.48435,47.391802,398,0.0,120.0
8591362,8.548364999999999,47.385915999999995,493,8530472,8.548919999999999,47.385883,490,137.79228680477775,285.0
8591362,8.548364999999999,47.385915999999995,493,8591164,8.550158999999999,47.386204,517,456.520182445477,681.0
8591362,8.548364999999999,47.385915999999995,493,8591362,8.548364999999999,47.385915999999995,493,0.0,120.0
8591363,8.494499000000001,47.378586,412,8591035,8.494669,47.379816999999996,410,451.5317555784883,661.0
8591363,8.494499000000001,47.378586,412,8591363,8.494499000000001,47.378586,412,0.0,120.0
8591364,8.557623,47.36323,429,8591364,8.557623,47.36323,429,0.0,120.0
8591365,8.522261,47.357973,419,8503087,8.522143,47.357407,420,208.75903153824547,371.0
8591365,8.522261,47.357973,419,8591329,8.520405,47.357864,420,460.88868743865663,674.0
8591365,8.522261,47.357973,419,8591365,8.522261,47.357973,419,0.0,120.0
8591366,8.523031,47.360061,420,8591366,8.523031,47.360061,420,0.0,120.0
8591367,8.534203,47.376093,409,8591367,8.534203,47.376093,409,0.0,120.0
8591368,8.537605000000001,47.379875,407,8591368,8.537605000000001,47.379875,407,0.0,120.0
8591369,8.534574000000001,47.372267,411,8591369,8.534574000000001,47.372267,411,0.0,120.0
8591372,8.488495,47.387725,403,8591165,8.490082000000001,47.386964,405,480.85238087783205,698.0
8591372,8.488495,47.387725,403,8591372,8.488495,47.387725,403,0.0,120.0
8591373,8.543692,47.382839000000004,447,8591373,8.543692,47.382839000000004,447,0.0,120.0
8591374,8.504999,47.391729999999995,401,8591374,8.504999,47.391729999999995,401,0.0,120.0
8591375,8.552258,47.367492,425,8591375,8.552258,47.367492,425,0.0,120.0
8591376,8.552218,47.382056,506,8591376,8.552218,47.382056,506,0.0,120.0
8591377,8.556199000000001,47.386254,601,8591377,8.556199000000001,47.386254,601,0.0,120.0
8591379,8.542811,47.37996,415,8503446,8.541715,47.378846,480,493.1543186885316,753.0
8591379,8.542811,47.37996,415,8591174,8.544513,47.379647,431,436.4314239439345,652.0
8591379,8.542811,47.37996,415,8591379,8.542811,47.37996,415,0.0,120.0
8591381,8.529249,47.373424,411,8591381,8.529249,47.373424,411,0.0,120.0
8591382,8.546231,47.410070000000005,443,8591382,8.546231,47.410070000000005,443,0.0,120.0
8591383,8.533919000000001,47.416394,438,8591267,8.532099,47.416204,439,455.08289097560595,667.0
8591383,8.533919000000001,47.416394,438,8591383,8.533919000000001,47.416394,438,0.0,120.0
8591384,8.53501,47.367702,409,8591384,8.53501,47.367702,409,0.0,120.0
8591385,8.511718,47.35307,476,8591385,8.511718,47.35307,476,0.0,120.0
8591386,8.547348,47.393724,509,8591386,8.547348,47.393724,509,0.0,120.0
8591387,8.534297,47.354927,409,8591387,8.534297,47.354927,409,0.0,120.0
8591389,8.568009,47.378538,575,8591389,8.568009,47.378538,575,0.0,120.0
8591390,8.509647,47.369946,424,8591390,8.509647,47.369946,424,0.0,120.0
8591391,8.515655,47.388789,402,8591391,8.515655,47.388789,402,0.0,120.0
8591392,8.527807000000001,47.350184999999996,427,8591392,8.527807000000001,47.350184999999996,427,0.0,120.0
8591393,8.551798,47.401903000000004,463,8591393,8.551798,47.401903000000004,463,0.0,120.0
8591394,8.564949,47.370976,484,8591231,8.564148,47.37003,478,398.30193588139304,595.0
8591394,8.564949,47.370976,484,8591394,8.564949,47.370976,484,0.0,120.0
8591396,8.587199,47.383494,599,8591396,8.587199,47.383494,599,0.0,120.0
8591397,8.559347,47.379090000000005,532,8591397,8.559347,47.379090000000005,532,0.0,120.0
8591398,8.510581,47.390041,401,8591398,8.510581,47.390041,401,0.0,120.0
8591401,8.496773,47.366386,465,8591401,8.496773,47.366386,465,0.0,120.0
8591402,8.49434,47.39798,401,8591402,8.49434,47.39798,401,0.0,120.0
8591403,8.568882,47.405965,434,8591403,8.568882,47.405965,434,0.0,120.0
8591404,8.532528999999998,47.366141999999996,409,8591404,8.532528999999998,47.366141999999996,409,0.0,120.0
8591405,8.513962,47.356737,452,8591405,8.513962,47.356737,452,0.0,120.0
8591406,8.544829,47.396159000000004,487,8591406,8.544829,47.396159000000004,487,0.0,120.0
8591408,8.483386,47.379829,420,8591408,8.483386,47.379829,420,0.0,120.0
8591410,8.52538,47.340826,469,8591410,8.52538,47.340826,469,0.0,120.0
8591411,8.54907,47.383542999999996,490,8591411,8.54907,47.383542999999996,490,0.0,120.0
8591411,8.54907,47.383542999999996,490,8591433,8.548214999999999,47.383192,486,247.27824839120612,416.0
8591412,8.554519,47.376870000000004,480,8591412,8.554519,47.376870000000004,480,0.0,120.0
8591414,8.526506,47.361666,419,8591414,8.526506,47.361666,419,0.0,120.0
8591414,8.526506,47.361666,419,8591415,8.525748,47.361484000000004,419,198.94423327446336,359.0
8591415,8.525748,47.361484000000004,419,8591414,8.526506,47.361666,419,198.94423327446336,359.0
8591415,8.525748,47.361484000000004,419,8591415,8.525748,47.361484000000004,419,0.0,120.0
8591416,8.513542999999999,47.398973,532,8591416,8.513542999999999,47.398973,532,0.0,120.0
8591417,8.518400999999999,47.3955,428,8591417,8.518400999999999,47.3955,428,0.0,120.0
8591419,8.521708,47.399165999999994,492,8591419,8.521708,47.399165999999994,492,0.0,120.0
8591420,8.557675999999999,47.40423,452,8591420,8.557675999999999,47.40423,452,0.0,120.0
8591421,8.568546000000001,47.373244,543,8591421,8.568546000000001,47.373244,543,0.0,120.0
8591423,8.491627000000001,47.402772999999996,448,8591423,8.491627000000001,47.402772999999996,448,0.0,120.0
8591424,8.582443,47.358733,563,8591424,8.582443,47.358733,563,0.0,120.0
8591425,8.528514999999999,47.397789,477,8591425,8.528514999999999,47.397789,477,0.0,120.0
8591427,8.526843,47.372322,411,8591427,8.526843,47.372322,411,0.0,120.0
8591429,8.568626,47.360155,450,8591429,8.568626,47.360155,450,0.0,120.0
8591431,8.495958,47.404064,469,8591431,8.495958,47.404064,469,0.0,120.0
8591433,8.548214999999999,47.383192,486,8591411,8.54907,47.383542999999996,490,247.27824839120612,418.0
8591433,8.548214999999999,47.383192,486,8591433,8.548214999999999,47.383192,486,0.0,120.0
8591434,8.494567,47.400056,407,8591434,8.494567,47.400056,407,0.0,120.0
8591437,8.523574,47.392592,409,8591437,8.523574,47.392592,409,0.0,120.0
8591438,8.585246000000001,47.359181,585,8591107,8.586591,47.358323,585,457.0576602268096,668.0
8591438,8.585246000000001,47.359181,585,8591438,8.585246000000001,47.359181,585,0.0,120.0
8591439,8.530161,47.338442,450,8591439,8.530161,47.338442,450,0.0,120.0
8591440,8.566544,47.351846,457,8591440,8.566544,47.351846,457,0.0,120.0
8591441,8.497589,47.358821999999996,543,8591441,8.497589,47.358821999999996,543,0.0,120.0
8591442,8.571557,47.381571,610,8591442,8.571557,47.381571,610,0.0,120.0
8591443,8.578089,47.380499,601,8591443,8.578089,47.380499,601,0.0,120.0
8591444,8.564107,47.378729,554,8591444,8.564107,47.378729,554,0.0,120.0
8591446,8.496808,47.402186,455,8591223,8.498242,47.402964000000004,465,454.3940313592983,671.0
8591446,8.496808,47.402186,455,8591446,8.496808,47.402186,455,0.0,120.0
8591447,8.515955,47.371506,416,8591447,8.515955,47.371506,416,0.0,120.0
8591448,8.513769,47.37669,412,8591448,8.513769,47.37669,412,0.0,120.0
8591824,8.518324,47.362966,422,8503051,8.518424000000001,47.362632,421,124.46519426394225,269.0
8591824,8.518324,47.362966,422,8591824,8.518324,47.362966,422,0.0,120.0
8591831,8.59808,47.382009000000004,567,8591831,8.59808,47.382009000000004,567,0.0,120.0
8591896,8.492583999999999,47.392258,408,8591896,8.492583999999999,47.392258,408,0.0,120.0
8594239,8.519445,47.387575,404,8594239,8.519445,47.387575,404,0.0,120.0
8594255,8.547432,47.392022999999995,450,8591242,8.549361,47.392419,521,503.3923738327624,770.0
8594255,8.547432,47.392022999999995,450,8594255,8.547432,47.392022999999995,450,0.0,120.0
8595899,8.519652,47.414747,461,8591160,8.519333999999999,47.414093,462,251.44205535856165,422.0
8595899,8.519652,47.414747,461,8591161,8.518689,47.413659,466,463.18832702258896,679.0
8595899,8.519652,47.414747,461,8595899,8.519652,47.414747,461,0.0,120.0
